AÑO,MES,BALANCE,TIPO,ENERGIA
2013,2013-01-01,OFERTA,Hidráulica,3390971.265
2013,2013-01-01,OFERTA,Importacion,13484.106
2013,2013-01-01,OFERTA,Nuclear,578964.885
2013,2013-01-01,OFERTA,Renovable,44725.939
2013,2013-01-01,OFERTA,Térmica,7442479.269
2013,2013-02-01,OFERTA,Hidráulica,2514931.728
2013,2013-02-01,OFERTA,Importacion,11952.114
2013,2013-02-01,OFERTA,Nuclear,521978.372
2013,2013-02-01,OFERTA,Renovable,41620.342
2013,2013-02-01,OFERTA,Térmica,7087345.639
2013,2013-03-01,OFERTA,Hidráulica,2927989.704
2013,2013-03-01,OFERTA,Importacion,12511.124
2013,2013-03-01,OFERTA,Nuclear,470968.342
2013,2013-03-01,OFERTA,Renovable,47790.795
2013,2013-03-01,OFERTA,Térmica,6635506.807
2013,2013-04-01,OFERTA,Hidráulica,2814101.383
2013,2013-04-01,OFERTA,Importacion,10571.258
2013,2013-04-01,OFERTA,Nuclear,384700.504
2013,2013-04-01,OFERTA,Renovable,38198.756
2013,2013-04-01,OFERTA,Térmica,6424981.282
2013,2013-05-01,OFERTA,Hidráulica,3021112.235
2013,2013-05-01,OFERTA,Importacion,12280.781
2013,2013-05-01,OFERTA,Nuclear,388120.171
2013,2013-05-01,OFERTA,Renovable,52217.026
2013,2013-05-01,OFERTA,Térmica,7129425.882
2013,2013-06-01,OFERTA,Hidráulica,2967983.977
2013,2013-06-01,OFERTA,Importacion,10568.103
2013,2013-06-01,OFERTA,Nuclear,590635.013
2013,2013-06-01,OFERTA,Renovable,60613.092
2013,2013-06-01,OFERTA,Térmica,7071583.665
2013,2013-07-01,OFERTA,Hidráulica,3709504.229
2013,2013-07-01,OFERTA,Importacion,12614.875
2013,2013-07-01,OFERTA,Nuclear,590410.221
2013,2013-07-01,OFERTA,Renovable,66587.839
2013,2013-07-01,OFERTA,Térmica,7192057.086
2013,2013-08-01,OFERTA,Hidráulica,3567153.579
2013,2013-08-01,OFERTA,Importacion,12144.54
2013,2013-08-01,OFERTA,Nuclear,584013.016
2013,2013-08-01,OFERTA,Renovable,77411.971
2013,2013-08-01,OFERTA,Térmica,7034911.152
2013,2013-09-01,OFERTA,Hidráulica,4256591.432
2013,2013-09-01,OFERTA,Importacion,11206.202
2013,2013-09-01,OFERTA,Nuclear,580441.375
2013,2013-09-01,OFERTA,Renovable,65720.541
2013,2013-09-01,OFERTA,Térmica,5709922.737
2013,2013-10-01,OFERTA,Hidráulica,3690088.975
2013,2013-10-01,OFERTA,Importacion,12137.354
2013,2013-10-01,OFERTA,Nuclear,379490.782
2013,2013-10-01,OFERTA,Renovable,74970.31
2013,2013-10-01,OFERTA,Térmica,6277697.011
2013,2013-11-01,OFERTA,Hidráulica,3621630.506
2013,2013-11-01,OFERTA,Importacion,161232.342
2013,2013-11-01,OFERTA,Nuclear,242561.034
2013,2013-11-01,OFERTA,Renovable,66582.267
2013,2013-11-01,OFERTA,Térmica,6325262.863
2013,2013-12-01,OFERTA,Hidráulica,3845423.424
2013,2013-12-01,OFERTA,Importacion,61606.025
2013,2013-12-01,OFERTA,Nuclear,420209.733
2013,2013-12-01,OFERTA,Renovable,70117.398
2013,2013-12-01,OFERTA,Térmica,8380428.758
2014,2014-01-01,OFERTA,Hidráulica,3285139.537
2014,2014-01-01,OFERTA,Importacion,102443.525
2014,2014-01-01,OFERTA,Nuclear,594099.062
2014,2014-01-01,OFERTA,Renovable,67317.518
2014,2014-01-01,OFERTA,Térmica,8407413.895
2014,2014-02-01,OFERTA,Hidráulica,2428222.342
2014,2014-02-01,OFERTA,Importacion,17537.304
2014,2014-02-01,OFERTA,Nuclear,517641.602
2014,2014-02-01,OFERTA,Renovable,63137.934
2014,2014-02-01,OFERTA,Térmica,7153644.275
2014,2014-03-01,OFERTA,Hidráulica,2770572.348
2014,2014-03-01,OFERTA,Importacion,12485.514
2014,2014-03-01,OFERTA,Nuclear,298202.414
2014,2014-03-01,OFERTA,Renovable,69546.338
2014,2014-03-01,OFERTA,Térmica,6965817.011
2014,2014-04-01,OFERTA,Hidráulica,2974700.424
2014,2014-04-01,OFERTA,Importacion,89769.976
2014,2014-04-01,OFERTA,Nuclear,242817.165
2014,2014-04-01,OFERTA,Renovable,62245.869
2014,2014-04-01,OFERTA,Térmica,6586362.615
2014,2014-05-01,OFERTA,Hidráulica,3410416.316
2014,2014-05-01,OFERTA,Importacion,60431.34
2014,2014-05-01,OFERTA,Nuclear,363982.528
2014,2014-05-01,OFERTA,Renovable,64413.724
2014,2014-05-01,OFERTA,Térmica,6897916.968
2014,2014-06-01,OFERTA,Hidráulica,3687849.758
2014,2014-06-01,OFERTA,Importacion,16484.23
2014,2014-06-01,OFERTA,Nuclear,540183.741
2014,2014-06-01,OFERTA,Renovable,66320.198
2014,2014-06-01,OFERTA,Térmica,7003887.035
2014,2014-07-01,OFERTA,Hidráulica,3708555.268
2014,2014-07-01,OFERTA,Importacion,152838.394
2014,2014-07-01,OFERTA,Nuclear,652312.163
2014,2014-07-01,OFERTA,Renovable,62220.137
2014,2014-07-01,OFERTA,Térmica,7208107.464
2014,2014-08-01,OFERTA,Hidráulica,4051811.111
2014,2014-08-01,OFERTA,Importacion,72526.122
2014,2014-08-01,OFERTA,Nuclear,494427.464
2014,2014-08-01,OFERTA,Renovable,78968.336
2014,2014-08-01,OFERTA,Térmica,6204109.826
2014,2014-09-01,OFERTA,Hidráulica,3496643.195
2014,2014-09-01,OFERTA,Importacion,218851.872
2014,2014-09-01,OFERTA,Nuclear,224571.998
2014,2014-09-01,OFERTA,Renovable,84703.524
2014,2014-09-01,OFERTA,Térmica,6153000.593
2014,2014-10-01,OFERTA,Hidráulica,3804950.81
2014,2014-10-01,OFERTA,Importacion,313655.606
2014,2014-10-01,OFERTA,Nuclear,434923.925
2014,2014-10-01,OFERTA,Renovable,76865.16
2014,2014-10-01,OFERTA,Térmica,6492251.973
2014,2014-11-01,OFERTA,Hidráulica,3643184.953
2014,2014-11-01,OFERTA,Importacion,230679.328
2014,2014-11-01,OFERTA,Nuclear,327491.245
2014,2014-11-01,OFERTA,Renovable,78389.812
2014,2014-11-01,OFERTA,Térmica,6483814.297
2014,2014-12-01,OFERTA,Hidráulica,3398301.234
2014,2014-12-01,OFERTA,Importacion,101942.564
2014,2014-12-01,OFERTA,Nuclear,567074.139
2014,2014-12-01,OFERTA,Renovable,74696.1
2014,2014-12-01,OFERTA,Térmica,7492071.755
2015,2015-01-01,OFERTA,Hidráulica,3397673.345
2015,2015-01-01,OFERTA,Importacion,163924.751
2015,2015-01-01,OFERTA,Nuclear,548514.12
2015,2015-01-01,OFERTA,Renovable,68786.632
2015,2015-01-01,OFERTA,Térmica,7931106.323
2015,2015-02-01,OFERTA,Hidráulica,2711992.112
2015,2015-02-01,OFERTA,Importacion,15617.342
2015,2015-02-01,OFERTA,Nuclear,598535.605
2015,2015-02-01,OFERTA,Renovable,57829.616
2015,2015-02-01,OFERTA,Térmica,7586553.231
2015,2015-03-01,OFERTA,Hidráulica,2855764.221
2015,2015-03-01,OFERTA,Importacion,15820.426
2015,2015-03-01,OFERTA,Nuclear,619935.692
2015,2015-03-01,OFERTA,Renovable,66512.089
2015,2015-03-01,OFERTA,Térmica,8324354.703
2015,2015-04-01,OFERTA,Hidráulica,2586939.815
2015,2015-04-01,OFERTA,Importacion,12370.572
2015,2015-04-01,OFERTA,Nuclear,349457.295
2015,2015-04-01,OFERTA,Renovable,74318.65
2015,2015-04-01,OFERTA,Térmica,7284703.935
2015,2015-05-01,OFERTA,Hidráulica,2576375.338
2015,2015-05-01,OFERTA,Importacion,12879.2
2015,2015-05-01,OFERTA,Nuclear,333135.705
2015,2015-05-01,OFERTA,Renovable,68258.663
2015,2015-05-01,OFERTA,Térmica,7848760.513
2015,2015-06-01,OFERTA,Hidráulica,3558813.057
2015,2015-06-01,OFERTA,Importacion,12955.666
2015,2015-06-01,OFERTA,Nuclear,416137.374
2015,2015-06-01,OFERTA,Renovable,84481.433
2015,2015-06-01,OFERTA,Térmica,7609701.916
2015,2015-07-01,OFERTA,Hidráulica,4130387.641
2015,2015-07-01,OFERTA,Importacion,171562.472
2015,2015-07-01,OFERTA,Nuclear,863909.455
2015,2015-07-01,OFERTA,Renovable,88370.37
2015,2015-07-01,OFERTA,Térmica,7120400.731
2015,2015-08-01,OFERTA,Hidráulica,4283453.379
2015,2015-08-01,OFERTA,Importacion,124301.818
2015,2015-08-01,OFERTA,Nuclear,596446.974
2015,2015-08-01,OFERTA,Renovable,85184.049
2015,2015-08-01,OFERTA,Térmica,6512885.088
2015,2015-09-01,OFERTA,Hidráulica,4243289.116
2015,2015-09-01,OFERTA,Importacion,53225.36
2015,2015-09-01,OFERTA,Nuclear,376651.928
2015,2015-09-01,OFERTA,Renovable,83579.035
2015,2015-09-01,OFERTA,Térmica,6279157.385
2015,2015-10-01,OFERTA,Hidráulica,4218103.686
2015,2015-10-01,OFERTA,Importacion,451788.98
2015,2015-10-01,OFERTA,Nuclear,243060.816
2015,2015-10-01,OFERTA,Renovable,88052.068
2015,2015-10-01,OFERTA,Térmica,6155727.345
2015,2015-11-01,OFERTA,Hidráulica,3193145.856
2015,2015-11-01,OFERTA,Importacion,493672.615
2015,2015-11-01,OFERTA,Nuclear,614675.479
2015,2015-11-01,OFERTA,Renovable,72995.937
2015,2015-11-01,OFERTA,Térmica,6213868.959
2015,2015-12-01,OFERTA,Hidráulica,3707165.596
2015,2015-12-01,OFERTA,Importacion,126517.694
2015,2015-12-01,OFERTA,Nuclear,958064.241
2015,2015-12-01,OFERTA,Renovable,78124.396
2015,2015-12-01,OFERTA,Térmica,7449780.47
2016,2016-01-01,OFERTA,Hidráulica,3583737.036
2016,2016-01-01,OFERTA,Importacion,170794.694
2016,2016-01-01,OFERTA,Nuclear,679430.647
2016,2016-01-01,OFERTA,Renovable,79901.639
2016,2016-01-01,OFERTA,Térmica,8276443.498
2013,2013-01-01,DEMANDA,Gran Usuario,2200647.932
2013,2013-01-01,DEMANDA,Distribuidor,8933471.413
2013,2013-01-01,DEMANDA,Bombeo,22415.912
2013,2013-01-01,DEMANDA,Exportacion,4.545
2013,2013-01-01,DEMANDA,Perdidas,314085.662
2013,2013-02-01,DEMANDA,Gran Usuario,2069873.671
2013,2013-02-01,DEMANDA,Distribuidor,7764286.336
2013,2013-02-01,DEMANDA,Bombeo,56695.466
2013,2013-02-01,DEMANDA,Exportacion,136.242
2013,2013-02-01,DEMANDA,Perdidas,286836.48
2013,2013-03-01,DEMANDA,Gran Usuario,2251028.154
2013,2013-03-01,DEMANDA,Distribuidor,7505101.154
2013,2013-03-01,DEMANDA,Bombeo,39453.514
2013,2013-03-01,DEMANDA,Exportacion,4.212
2013,2013-03-01,DEMANDA,Perdidas,299179.738
2013,2013-04-01,DEMANDA,Gran Usuario,2224308.795
2013,2013-04-01,DEMANDA,Distribuidor,7083025.368
2013,2013-04-01,DEMANDA,Bombeo,71541.527
2013,2013-04-01,DEMANDA,Exportacion,13.932
2013,2013-04-01,DEMANDA,Perdidas,293663.561
2013,2013-05-01,DEMANDA,Gran Usuario,2306464.368
2013,2013-05-01,DEMANDA,Distribuidor,7926361.026
2013,2013-05-01,DEMANDA,Bombeo,36993.396
2013,2013-05-01,DEMANDA,Exportacion,53.046
2013,2013-05-01,DEMANDA,Perdidas,333284.259
2013,2013-06-01,DEMANDA,Gran Usuario,2119563.578
2013,2013-06-01,DEMANDA,Distribuidor,8240973.616
2013,2013-06-01,DEMANDA,Bombeo,29594.67
2013,2013-06-01,DEMANDA,Exportacion,3.204
2013,2013-06-01,DEMANDA,Perdidas,311248.782
2013,2013-07-01,DEMANDA,Gran Usuario,2137923.028
2013,2013-07-01,DEMANDA,Distribuidor,9018250.365
2013,2013-07-01,DEMANDA,Bombeo,38684.649
2013,2013-07-01,DEMANDA,Exportacion,0.0
2013,2013-07-01,DEMANDA,Perdidas,376316.208
2013,2013-08-01,DEMANDA,Gran Usuario,2205305.415
2013,2013-08-01,DEMANDA,Distribuidor,8699173.828
2013,2013-08-01,DEMANDA,Bombeo,24372.049
2013,2013-08-01,DEMANDA,Exportacion,210.024
2013,2013-08-01,DEMANDA,Perdidas,346572.942
2013,2013-09-01,DEMANDA,Gran Usuario,2215042.67
2013,2013-09-01,DEMANDA,Distribuidor,7980830.325
2013,2013-09-01,DEMANDA,Bombeo,27557.546
2013,2013-09-01,DEMANDA,Exportacion,4.14
2013,2013-09-01,DEMANDA,Perdidas,400447.606
2013,2013-10-01,DEMANDA,Gran Usuario,2332954.979
2013,2013-10-01,DEMANDA,Distribuidor,7712760.653
2013,2013-10-01,DEMANDA,Bombeo,36068.306
2013,2013-10-01,DEMANDA,Exportacion,0.0
2013,2013-10-01,DEMANDA,Perdidas,352600.494
2013,2013-11-01,DEMANDA,Gran Usuario,2244139.087
2013,2013-11-01,DEMANDA,Distribuidor,7771562.565
2013,2013-11-01,DEMANDA,Bombeo,55243.954
2013,2013-11-01,DEMANDA,Exportacion,0.0
2013,2013-11-01,DEMANDA,Perdidas,346323.406
2013,2013-12-01,DEMANDA,Gran Usuario,2179804.298
2013,2013-12-01,DEMANDA,Distribuidor,10111482.195
2013,2013-12-01,DEMANDA,Bombeo,61068.24
2013,2013-12-01,DEMANDA,Exportacion,9.378
2013,2013-12-01,DEMANDA,Perdidas,425421.227
2014,2014-01-01,DEMANDA,Gran Usuario,2152581.518
2014,2014-01-01,DEMANDA,Distribuidor,9851760.85
2014,2014-01-01,DEMANDA,Bombeo,75366.607
2014,2014-01-01,DEMANDA,Exportacion,8.406
2014,2014-01-01,DEMANDA,Perdidas,376696.156
2014,2014-02-01,DEMANDA,Gran Usuario,2066731.941
2014,2014-02-01,DEMANDA,Distribuidor,7757236.26
2014,2014-02-01,DEMANDA,Bombeo,54277.761
2014,2014-02-01,DEMANDA,Exportacion,0.0
2014,2014-02-01,DEMANDA,Perdidas,301937.495
2014,2014-03-01,DEMANDA,Gran Usuario,2178794.202
2014,2014-03-01,DEMANDA,Distribuidor,7611004.587
2014,2014-03-01,DEMANDA,Bombeo,6910.888
2014,2014-03-01,DEMANDA,Exportacion,0.0
2014,2014-03-01,DEMANDA,Perdidas,319913.948
2014,2014-04-01,DEMANDA,Gran Usuario,2180984.943
2014,2014-04-01,DEMANDA,Distribuidor,7414389.407
2014,2014-04-01,DEMANDA,Bombeo,21878.432
2014,2014-04-01,DEMANDA,Exportacion,132.624
2014,2014-04-01,DEMANDA,Perdidas,338510.643
2014,2014-05-01,DEMANDA,Gran Usuario,2220945.14
2014,2014-05-01,DEMANDA,Distribuidor,8188159.866
2014,2014-05-01,DEMANDA,Bombeo,39157.311
2014,2014-05-01,DEMANDA,Exportacion,28.638
2014,2014-05-01,DEMANDA,Perdidas,348869.921
2014,2014-06-01,DEMANDA,Gran Usuario,2115057.259
2014,2014-06-01,DEMANDA,Distribuidor,8786657.717
2014,2014-06-01,DEMANDA,Bombeo,41369.142
2014,2014-06-01,DEMANDA,Exportacion,0.0
2014,2014-06-01,DEMANDA,Perdidas,371640.844
2014,2014-07-01,DEMANDA,Gran Usuario,2127407.258
2014,2014-07-01,DEMANDA,Distribuidor,9236534.844
2014,2014-07-01,DEMANDA,Bombeo,54650.679
2014,2014-07-01,DEMANDA,Exportacion,4525.566
2014,2014-07-01,DEMANDA,Perdidas,360915.079
2014,2014-08-01,DEMANDA,Gran Usuario,2092042.098
2014,2014-08-01,DEMANDA,Distribuidor,8398640.291
2014,2014-08-01,DEMANDA,Bombeo,21753.051
2014,2014-08-01,DEMANDA,Exportacion,222.102
2014,2014-08-01,DEMANDA,Perdidas,389185.317
2014,2014-09-01,DEMANDA,Gran Usuario,2123414.826
2014,2014-09-01,DEMANDA,Distribuidor,7684129.365
2014,2014-09-01,DEMANDA,Bombeo,18748.797
2014,2014-09-01,DEMANDA,Exportacion,196.47
2014,2014-09-01,DEMANDA,Perdidas,351281.724
2014,2014-10-01,DEMANDA,Gran Usuario,2285861.313
2014,2014-10-01,DEMANDA,Distribuidor,8420631.828
2014,2014-10-01,DEMANDA,Bombeo,46182.177
2014,2014-10-01,DEMANDA,Exportacion,37.044
2014,2014-10-01,DEMANDA,Perdidas,369935.112
2014,2014-11-01,DEMANDA,Gran Usuario,2234924.315
2014,2014-11-01,DEMANDA,Distribuidor,8109812.357
2014,2014-11-01,DEMANDA,Bombeo,57350.697
2014,2014-11-01,DEMANDA,Exportacion,535.14
2014,2014-11-01,DEMANDA,Perdidas,360937.126
2014,2014-12-01,DEMANDA,Gran Usuario,2212858.797
2014,2014-12-01,DEMANDA,Distribuidor,9016519.023
2014,2014-12-01,DEMANDA,Bombeo,47534.761
2014,2014-12-01,DEMANDA,Exportacion,0.0
2014,2014-12-01,DEMANDA,Perdidas,357173.211
2015,2015-01-01,DEMANDA,Gran Usuario,2123902.666
2015,2015-01-01,DEMANDA,Distribuidor,9582287.427
2015,2015-01-01,DEMANDA,Bombeo,39639.182
2015,2015-01-01,DEMANDA,Exportacion,6370.526
2015,2015-01-01,DEMANDA,Perdidas,357805.37
2015,2015-02-01,DEMANDA,Gran Usuario,2031816.72
2015,2015-02-01,DEMANDA,Distribuidor,8633269.901
2015,2015-02-01,DEMANDA,Bombeo,15477.765
2015,2015-02-01,DEMANDA,Exportacion,9.198
2015,2015-02-01,DEMANDA,Perdidas,289954.322
2015,2015-03-01,DEMANDA,Gran Usuario,2236608.054
2015,2015-03-01,DEMANDA,Distribuidor,9311919.018
2015,2015-03-01,DEMANDA,Bombeo,26232.242
2015,2015-03-01,DEMANDA,Exportacion,148.05
2015,2015-03-01,DEMANDA,Perdidas,307479.767
2015,2015-04-01,DEMANDA,Gran Usuario,2157494.851
2015,2015-04-01,DEMANDA,Distribuidor,7868939.909
2015,2015-04-01,DEMANDA,Bombeo,83169.481
2015,2015-04-01,DEMANDA,Exportacion,0.0
2015,2015-04-01,DEMANDA,Perdidas,198186.026
2015,2015-05-01,DEMANDA,Gran Usuario,2146014.672
2015,2015-05-01,DEMANDA,Distribuidor,8321619.021
2015,2015-05-01,DEMANDA,Bombeo,93424.618
2015,2015-05-01,DEMANDA,Exportacion,24.732
2015,2015-05-01,DEMANDA,Perdidas,278326.376
2015,2015-06-01,DEMANDA,Gran Usuario,2090363.48
2015,2015-06-01,DEMANDA,Distribuidor,9164056.187
2015,2015-06-01,DEMANDA,Bombeo,39995.974
2015,2015-06-01,DEMANDA,Exportacion,0.0
2015,2015-06-01,DEMANDA,Perdidas,387673.805
2015,2015-07-01,DEMANDA,Gran Usuario,2094597.782
2015,2015-07-01,DEMANDA,Distribuidor,9812764.137
2015,2015-07-01,DEMANDA,Bombeo,53830.625
2015,2015-07-01,DEMANDA,Exportacion,41.58
2015,2015-07-01,DEMANDA,Perdidas,413396.545
2015,2015-08-01,DEMANDA,Gran Usuario,2111038.794
2015,2015-08-01,DEMANDA,Distribuidor,9019224.014
2015,2015-08-01,DEMANDA,Bombeo,56013.408
2015,2015-08-01,DEMANDA,Exportacion,0.0
2015,2015-08-01,DEMANDA,Perdidas,415995.092
2015,2015-09-01,DEMANDA,Gran Usuario,2134031.2
2015,2015-09-01,DEMANDA,Distribuidor,8416021.173
2015,2015-09-01,DEMANDA,Bombeo,32811.079
2015,2015-09-01,DEMANDA,Exportacion,40735.103
2015,2015-09-01,DEMANDA,Perdidas,412304.269
2015,2015-10-01,DEMANDA,Gran Usuario,2276568.799
2015,2015-10-01,DEMANDA,Distribuidor,8443259.741
2015,2015-10-01,DEMANDA,Bombeo,35118.532
2015,2015-10-01,DEMANDA,Exportacion,0.0
2015,2015-10-01,DEMANDA,Perdidas,401785.823
2015,2015-11-01,DEMANDA,Gran Usuario,2223027.371
2015,2015-11-01,DEMANDA,Distribuidor,7994195.984
2015,2015-11-01,DEMANDA,Bombeo,32675.09
2015,2015-11-01,DEMANDA,Exportacion,8091.359
2015,2015-11-01,DEMANDA,Perdidas,330369.042
2015,2015-12-01,DEMANDA,Gran Usuario,2153084.765
2015,2015-12-01,DEMANDA,Distribuidor,9754295.541
2015,2015-12-01,DEMANDA,Bombeo,69724.328
2015,2015-12-01,DEMANDA,Exportacion,0.0
2015,2015-12-01,DEMANDA,Perdidas,342547.763
2016,2016-01-01,DEMANDA,Gran Usuario,2076754.351
2016,2016-01-01,DEMANDA,Distribuidor,10257579.459
2016,2016-01-01,DEMANDA,Bombeo,74692.407
2016,2016-01-01,DEMANDA,Exportacion,0.0
2016,2016-01-01,DEMANDA,Perdidas,381281.297
2012,2012-01-01,OFERTA,Hidráulica,36624324.852
2012,2012-01-01,OFERTA,Nuclear,5904082.555
2012,2012-01-01,OFERTA,Renovable,521849.436
2012,2012-01-01,OFERTA,Térmica,82511136.257
2015,2015-12-01,OFERTA,Térmica,7450076.757
2016,2016-01-01,OFERTA,Hidráulica,3583708.814
2016,2016-01-01,OFERTA,Importacion,170793.694
2016,2016-01-01,OFERTA,Térmica,8276749.274
2016,2016-02-01,OFERTA,Hidráulica,3228305.96
2016,2016-02-01,OFERTA,Importacion,122623.108
2016,2016-02-01,OFERTA,Nuclear,660013.741
2016,2016-02-01,OFERTA,Renovable,73219.768
2016,2016-02-01,OFERTA,Térmica,8042707.951
2012,2012-01-01,DEMANDA,Bombeo,722764.116
2012,2012-01-01,DEMANDA,Perdidas,3650209.813
2012,2012-01-01,DEMANDA,MEM,121188419.171
2015,2015-09-01,DEMANDA,Distribuidor,8418872.041
2015,2015-09-01,DEMANDA,Perdidas,409453.401
2015,2015-10-01,DEMANDA,Distribuidor,8445605.59
2015,2015-10-01,DEMANDA,Perdidas,399439.974
2015,2015-11-01,DEMANDA,Distribuidor,7996162.111
2015,2015-11-01,DEMANDA,Perdidas,328402.915
2015,2015-12-01,DEMANDA,Gran Usuario,2153186.425
2015,2015-12-01,DEMANDA,Distribuidor,9756249.136
2015,2015-12-01,DEMANDA,Perdidas,340788.795
2016,2016-01-01,DEMANDA,Gran Usuario,2080239.807
2016,2016-01-01,DEMANDA,Distribuidor,10263905.607
2016,2016-01-01,DEMANDA,Perdidas,371746.247
2016,2016-02-01,DEMANDA,Gran Usuario,2045611.372
2016,2016-02-01,DEMANDA,Distribuidor,9705536.562
2016,2016-02-01,DEMANDA,Bombeo,32936.774
2016,2016-02-01,DEMANDA,Exportacion,758.008
2016,2016-02-01,DEMANDA,Perdidas,342027.812
2015,2015-12-01,OFERTA,Térmica,7450119.363
2016,2016-01-01,OFERTA,Renovable,80655.655
2016,2016-01-01,OFERTA,Térmica,8276747.432
2016,2016-02-01,OFERTA,Hidráulica,3062755.986
2016,2016-02-01,OFERTA,Importacion,122952.873
2016,2016-02-01,OFERTA,Nuclear,660013.288
2016,2016-02-01,OFERTA,Renovable,239989.703
2016,2016-02-01,OFERTA,Térmica,8042614.456
2016,2016-03-01,OFERTA,Hidráulica,2775625.868
2016,2016-03-01,OFERTA,Importacion,13936.527
2016,2016-03-01,OFERTA,Nuclear,590449.514
2016,2016-03-01,OFERTA,Renovable,256564.805
2016,2016-03-01,OFERTA,Térmica,7182097.836
2015,2015-11-01,DEMANDA,Gran Usuario,2131259.809
2015,2015-11-01,DEMANDA,Distribuidor,8087929.673
2015,2015-12-01,DEMANDA,Perdidas,340831.401
2016,2016-01-01,DEMANDA,Gran Usuario,2082402.028
2016,2016-01-01,DEMANDA,Distribuidor,10262509.734
2016,2016-01-01,DEMANDA,Perdidas,371732.073
2016,2016-02-01,DEMANDA,Gran Usuario,2044377.299
2016,2016-02-01,DEMANDA,Distribuidor,9708464.757
2016,2016-02-01,DEMANDA,Bombeo,34830.046
2016,2016-02-01,DEMANDA,Exportacion,765.845
2016,2016-02-01,DEMANDA,Perdidas,339888.359
2016,2016-03-01,DEMANDA,Gran Usuario,2111724.949
2016,2016-03-01,DEMANDA,Distribuidor,8345990.627
2016,2016-03-01,DEMANDA,Bombeo,23650.33
2016,2016-03-01,DEMANDA,Exportacion,22423.7735
2016,2016-03-01,DEMANDA,Perdidas,314884.8705
2013,2013-01-01,OFERTA,Hidráulica,3391089.135
2013,2013-01-01,OFERTA,Renovable,44608.069
2013,2013-02-01,OFERTA,Hidráulica,2515103.341
2013,2013-02-01,OFERTA,Renovable,41448.729
2013,2013-03-01,OFERTA,Hidráulica,2928197.056
2013,2013-03-01,OFERTA,Renovable,47583.443
2013,2013-04-01,OFERTA,Hidráulica,2814264.695
2013,2013-04-01,OFERTA,Renovable,38035.444
2013,2013-05-01,OFERTA,Hidráulica,3021275.099
2013,2013-05-01,OFERTA,Renovable,52054.162
2013,2013-06-01,OFERTA,Hidráulica,2968068.377
2013,2013-06-01,OFERTA,Renovable,60528.692
2013,2013-07-01,OFERTA,Hidráulica,3709648.17
2013,2013-07-01,OFERTA,Renovable,66443.898
2013,2013-08-01,OFERTA,Hidráulica,3567360.949
2013,2013-08-01,OFERTA,Renovable,77204.601
2013,2013-09-01,OFERTA,Hidráulica,4256785.341
2013,2013-09-01,OFERTA,Renovable,65526.632
2013,2013-10-01,OFERTA,Hidráulica,3690346.157
2013,2013-10-01,OFERTA,Renovable,74713.128
2013,2013-11-01,OFERTA,Hidráulica,3621871.684
2013,2013-11-01,OFERTA,Renovable,66341.089
2013,2013-12-01,OFERTA,Hidráulica,3845601.719
2013,2013-12-01,OFERTA,Renovable,69939.103
2014,2014-01-01,OFERTA,Hidráulica,3285331.019
2014,2014-01-01,OFERTA,Renovable,67126.036
2014,2014-02-01,OFERTA,Hidráulica,2428371.546
2014,2014-02-01,OFERTA,Renovable,62988.73
2014,2014-03-01,OFERTA,Hidráulica,2770737.351
2014,2014-03-01,OFERTA,Renovable,69381.335
2014,2014-04-01,OFERTA,Hidráulica,2974844.729
2014,2014-04-01,OFERTA,Renovable,62101.564
2014,2014-05-01,OFERTA,Hidráulica,3410542.185
2014,2014-05-01,OFERTA,Renovable,64287.855
2014,2014-06-01,OFERTA,Hidráulica,3687921.722
2014,2014-06-01,OFERTA,Renovable,66248.234
2014,2014-07-01,OFERTA,Hidráulica,3708698.64
2014,2014-07-01,OFERTA,Renovable,62076.765
2014,2014-08-01,OFERTA,Hidráulica,4052000.291
2014,2014-08-01,OFERTA,Renovable,78779.156
2014,2014-09-01,OFERTA,Hidráulica,3496812.776
2014,2014-09-01,OFERTA,Renovable,84533.943
2014,2014-10-01,OFERTA,Hidráulica,3805175.077
2014,2014-10-01,OFERTA,Renovable,76640.893
2014,2014-11-01,OFERTA,Hidráulica,3643392.795
2014,2014-11-01,OFERTA,Renovable,78181.97
2014,2014-12-01,OFERTA,Hidráulica,3398534.72
2014,2014-12-01,OFERTA,Renovable,74462.614
2015,2015-01-01,OFERTA,Hidráulica,3397852.892
2015,2015-01-01,OFERTA,Renovable,68607.085
2015,2015-02-01,OFERTA,Hidráulica,2712160.08
2015,2015-02-01,OFERTA,Renovable,57661.648
2015,2015-03-01,OFERTA,Hidráulica,2855898.67
2015,2015-03-01,OFERTA,Renovable,66377.64
2015,2015-04-01,OFERTA,Hidráulica,2587011.706
2015,2015-04-01,OFERTA,Renovable,74246.759
2015,2015-05-01,OFERTA,Hidráulica,2576447.745
2015,2015-05-01,OFERTA,Renovable,68186.256
2015,2015-06-01,OFERTA,Hidráulica,3558827.533
2015,2015-06-01,OFERTA,Renovable,84466.957
2015,2015-07-01,OFERTA,Hidráulica,4130431.261
2015,2015-07-01,OFERTA,Renovable,88326.75
2015,2015-08-01,OFERTA,Hidráulica,4283569.749
2015,2015-08-01,OFERTA,Renovable,85067.679
2015,2015-09-01,OFERTA,Hidráulica,4243373.762
2015,2015-09-01,OFERTA,Renovable,83494.389
2015,2015-10-01,OFERTA,Hidráulica,4218252.704
2015,2015-10-01,OFERTA,Renovable,87903.05
2015,2015-11-01,OFERTA,Hidráulica,3193156.902
2015,2015-11-01,OFERTA,Renovable,72984.891
2015,2015-12-01,OFERTA,Hidráulica,3707167.886
2015,2015-12-01,OFERTA,Renovable,78122.106
2016,2016-01-01,OFERTA,Hidráulica,3583715.882
2016,2016-01-01,OFERTA,Renovable,80648.587
2016,2016-02-01,OFERTA,Hidráulica,3035064.654
2016,2016-02-01,OFERTA,Renovable,267681.035
2016,2016-03-01,OFERTA,Hidráulica,2762781.131
2016,2016-03-01,OFERTA,Renovable,269409.542
2016,2016-03-01,OFERTA,Térmica,7182101.192
2016,2016-04-01,OFERTA,Hidráulica,2825590.728
2016,2016-04-01,OFERTA,Importacion,183139.042
2016,2016-04-01,OFERTA,Nuclear,704573.936
2016,2016-04-01,OFERTA,Renovable,224207.257
2016,2016-04-01,OFERTA,Térmica,6703769.991
2015,2015-12-01,DEMANDA,Gran Usuario,2152445.433
2015,2015-12-01,DEMANDA,Distribuidor,9756990.128
2016,2016-01-01,DEMANDA,Gran Usuario,2082350.188
2016,2016-01-01,DEMANDA,Distribuidor,10262561.574
2016,2016-02-01,DEMANDA,Gran Usuario,2044457.932
2016,2016-02-01,DEMANDA,Distribuidor,9705250.749
2016,2016-02-01,DEMANDA,Perdidas,343021.734
2016,2016-03-01,DEMANDA,Gran Usuario,2112665.798
2016,2016-03-01,DEMANDA,Distribuidor,8345791.452
2016,2016-03-01,DEMANDA,Exportacion,22427.321
2016,2016-03-01,DEMANDA,Perdidas,314143.005
2016,2016-04-01,DEMANDA,Gran Usuario,2037392.541
2016,2016-04-01,DEMANDA,Distribuidor,8246584.591
2016,2016-04-01,DEMANDA,Bombeo,49055.696
2016,2016-04-01,DEMANDA,Exportacion,68714.651
2016,2016-04-01,DEMANDA,Perdidas,239533.475
2015,2015-06-01,OFERTA,Hidráulica,3736974.15
2016,2016-04-01,OFERTA,Térmica,6766329.919
2016,2016-05-01,OFERTA,Hidráulica,3465194.068
2016,2016-05-01,OFERTA,Importacion,188607.565
2016,2016-05-01,OFERTA,Nuclear,749102.828
2016,2016-05-01,OFERTA,Renovable,175115.009
2016,2016-05-01,OFERTA,Térmica,7149786.67
2015,2015-06-01,DEMANDA,Perdidas,565820.422
2016,2016-02-01,DEMANDA,Distribuidor,9687387.169
2016,2016-02-01,DEMANDA,Perdidas,360885.314
2016,2016-03-01,DEMANDA,Gran Usuario,2112628.764
2016,2016-03-01,DEMANDA,Distribuidor,8346389.342
2016,2016-03-01,DEMANDA,Perdidas,313582.149
2016,2016-04-01,DEMANDA,Gran Usuario,2039482.29
2016,2016-04-01,DEMANDA,Distribuidor,8251631.529
2016,2016-04-01,DEMANDA,Perdidas,294956.716
2016,2016-05-01,DEMANDA,Gran Usuario,2059561.637
2016,2016-05-01,DEMANDA,Distribuidor,9290786.078
2016,2016-05-01,DEMANDA,Bombeo,42220.61
2016,2016-05-01,DEMANDA,Exportacion,1675.17
2016,2016-05-01,DEMANDA,Perdidas,333562.645
